"participantId","householdSize","haveKids","age","educationLevel","interestGroup","joviality","total_expenses"
0,3,TRUE,36,"HighSchoolOrCollege","H",0.001626703,94581.6229023967
1,3,TRUE,25,"HighSchoolOrCollege","B",0.3280865,78861.160272707
2,3,TRUE,35,"HighSchoolOrCollege","A",0.39346959,70066.4506668891
3,3,TRUE,21,"HighSchoolOrCollege","I",0.138063446,66460.5868017523
4,3,TRUE,43,"Bachelors","H",0.857396691,82709.1834303602
5,3,TRUE,32,"HighSchoolOrCollege","D",0.772957791,5957.440582651
6,3,TRUE,26,"HighSchoolOrCollege","I",0.833980668,4296.0277379224
7,3,TRUE,27,"Bachelors","A",0.958189409,47702.373126499
8,3,TRUE,20,"Bachelors","G",0.697554819,17776.137694939
9,3,TRUE,35,"Bachelors","D",0.467131409,136199.750790849
10,3,TRUE,48,"HighSchoolOrCollege","D",0.557176006,64016.365400498
11,3,TRUE,27,"HighSchoolOrCollege","F",0.25422732,63875.9904941826
12,3,TRUE,34,"HighSchoolOrCollege","D",0.241615182,59031.309991707
13,3,TRUE,18,"Bachelors","J",0.724503834,41166.963702441
14,3,TRUE,38,"Graduate","H",0.930003289,61972.493457412
15,3,TRUE,35,"HighSchoolOrCollege","I",0.232266068,60111.396002547
16,3,TRUE,39,"Bachelors","J",0.392189088,102302.120680894
17,3,TRUE,57,"Bachelors","I",0.114667399,195298.223136943
18,3,TRUE,20,"Graduate","I",0.32696558,194708.549865165
19,3,TRUE,25,"Bachelors","B",0.486470164,90433.960784542
20,3,TRUE,41,"HighSchoolOrCollege","I",0.619057739,54929.1213008946
21,3,TRUE,35,"Low","E",0.931240975,7409.5340660762
22,3,TRUE,25,"HighSchoolOrCollege","E",0.663815663,17765.388774248
23,3,TRUE,57,"Low","B",0.260211811,42130.571965675
24,3,TRUE,44,"Bachelors","D",0.607328128,81740.886776307
25,3,TRUE,38,"HighSchoolOrCollege","J",0.520535752,54122.651585181
26,3,TRUE,28,"HighSchoolOrCollege","F",0.549177225,46895.567585396
27,3,TRUE,45,"HighSchoolOrCollege","D",0.135148815,58844.405409646
28,3,TRUE,54,"Bachelors","A",0.230073813,144983.815624332
29,3,TRUE,18,"Low","C",0.607853294,39609.324921666
30,3,TRUE,49,"HighSchoolOrCollege","C",0.681423545,2965.999723736
31,3,TRUE,40,"Graduate","F",0.23266675,162909.514438009
32,3,TRUE,33,"HighSchoolOrCollege","C",0.189498641,58143.150764333
33,3,TRUE,21,"Bachelors","D",0.094585958,130864.870917943
34,3,TRUE,23,"Low","B",0.767112453,25435.892763578
35,3,TRUE,20,"Low","J",0.707950782,4610.118274669
36,3,TRUE,41,"Graduate","G",0.348019484,160351.663925872
37,3,TRUE,54,"HighSchoolOrCollege","G",0.174975799,55896.1618127816
38,3,TRUE,34,"Low","D",0.215116214,44226.827193369
39,3,TRUE,54,"Bachelors","G",0.862950926,28170.225488498
40,3,TRUE,55,"Low","I",0.880410054,7014.620104258
41,3,TRUE,41,"HighSchoolOrCollege","F",0.863663966,5849.029601711
42,3,TRUE,24,"HighSchoolOrCollege","J",0.055283617,55013.2420596315
43,3,TRUE,48,"Bachelors","E",0.045228735,123447.575363208
44,3,TRUE,39,"Low","C",0.976499153,2171.826385873
45,3,TRUE,50,"Graduate","E",0.179657824,159241.035932234
46,3,TRUE,47,"HighSchoolOrCollege","D",0.225049088,52065.0700093497
47,3,TRUE,58,"HighSchoolOrCollege","C",0.424159724,47959.020510937
48,3,TRUE,42,"HighSchoolOrCollege","F",0.485827661,43968.815014437
49,3,TRUE,54,"Graduate","D",0.229589642,157327.628826163
50,3,TRUE,45,"HighSchoolOrCollege","H",0.576174771,43248.9497039739
51,3,TRUE,26,"Graduate","G",0.374354513,142217.491297632
52,3,TRUE,39,"HighSchoolOrCollege","B",0.730126771,9262.389063114
53,3,TRUE,19,"Low","H",0.140697641,37339.542902586
54,3,TRUE,32,"Graduate","I",0.778504463,71287.311190583
55,3,TRUE,37,"HighSchoolOrCollege","J",0.770806686,5497.382169223
56,3,TRUE,40,"Graduate","G",0.734056857,19839.3603407845
57,3,TRUE,56,"Graduate","A",0.422849796,120360.02505128
58,3,TRUE,40,"Graduate","J",0.192945633,154777.525235624
59,3,TRUE,35,"Bachelors","C",0.186308253,122199.271564053
60,3,TRUE,46,"HighSchoolOrCollege","D",0.411129251,40831.889745238
61,3,TRUE,44,"HighSchoolOrCollege","F",0.598278749,42981.69059425
62,3,TRUE,57,"Bachelors","A",0.491406814,76554.8228815474
63,3,TRUE,36,"HighSchoolOrCollege","G",0.583943591,41272.629358752
64,3,TRUE,52,"HighSchoolOrCollege","I",0.330606159,38410.439381963
65,3,TRUE,23,"HighSchoolOrCollege","I",0.498178653,39497.901847529
66,3,TRUE,51,"Bachelors","J",0.773765426,50575.678774329
67,3,TRUE,19,"HighSchoolOrCollege","C",0.438788793,40564.931364064
68,3,TRUE,42,"HighSchoolOrCollege","G",0.519538618,37707.423447552
69,3,TRUE,24,"Bachelors","B",0.743901318,28331.91180429
70,3,TRUE,49,"HighSchoolOrCollege","D",0.72544679,12100.8868360063
71,3,TRUE,59,"Bachelors","J",0.947066909,10596.829894882
72,3,TRUE,21,"Bachelors","B",0.218744284,113051.85499305
73,3,TRUE,32,"Bachelors","H",0.381370977,68480.1719677576
74,3,TRUE,48,"HighSchoolOrCollege","B",0.904601349,2983.57132016
75,2,FALSE,59,"HighSchoolOrCollege","A",0.791342831,12347.700515624
76,2,FALSE,34,"HighSchoolOrCollege","I",0.362917704,38278.7212336776
77,2,FALSE,20,"HighSchoolOrCollege","C",0.621716267,36391.1844560726
78,2,FALSE,24,"Graduate","B",0.188638917,143981.095533459
79,2,FALSE,56,"HighSchoolOrCollege","C",0.03403389,57653.345016849
80,2,FALSE,59,"HighSchoolOrCollege","E",0.40138993,37568.3995702
81,2,FALSE,27,"Graduate","D",0.871320255,44281.588934043
82,2,FALSE,40,"Graduate","H",0.955760648,49337.694684773
83,2,FALSE,53,"HighSchoolOrCollege","C",0.027148207,57451.5569550265
84,2,FALSE,33,"HighSchoolOrCollege","J",0.455102277,34000.369973159
85,2,FALSE,45,"HighSchoolOrCollege","A",0.354510651,30884.9993985508
86,2,FALSE,31,"HighSchoolOrCollege","C",0.399201318,34572.89509341
87,2,FALSE,58,"HighSchoolOrCollege","A",0.725176476,7171.487572109
88,2,FALSE,20,"HighSchoolOrCollege","A",0.746921002,4293.225120359
89,2,FALSE,54,"HighSchoolOrCollege","J",0.169054036,52541.7230524877
90,2,FALSE,20,"HighSchoolOrCollege","E",0.139818869,52365.948752325
91,2,FALSE,41,"HighSchoolOrCollege","E",0.733204092,4497.179176721
92,2,FALSE,43,"HighSchoolOrCollege","J",0.467868166,33270.6859015148
93,2,FALSE,48,"HighSchoolOrCollege","B",0.580101654,30365.95065636
94,2,FALSE,23,"Bachelors","C",0.413830119,69101.688182207
95,2,FALSE,47,"Low","H",0.451218504,27728.853081092
96,2,FALSE,23,"HighSchoolOrCollege","B",0.504845427,30129.8749832828
97,2,FALSE,56,"Graduate","J",0.679506778,44050.929823027
98,2,FALSE,55,"HighSchoolOrCollege","B",0.366630644,30635.785015963
99,2,FALSE,31,"Bachelors","H",0.39686665,62254.2492951212
100,2,FALSE,29,"Low","F",0.142686163,31031.474163152
101,2,FALSE,38,"HighSchoolOrCollege","A",0.020504586,54992.655974632
102,2,FALSE,56,"Bachelors","A",0.265501227,111043.248244058
103,2,FALSE,18,"Bachelors","J",0.194724115,108881.302824004
104,2,FALSE,47,"HighSchoolOrCollege","F",0.991414933,8980.7148580507
105,2,FALSE,52,"HighSchoolOrCollege","J",0.851915894,14449.816281359
106,2,FALSE,34,"Bachelors","A",0.700811306,43349.6272084487
107,2,FALSE,26,"HighSchoolOrCollege","C",0.357131296,30756.36340595
108,2,FALSE,36,"HighSchoolOrCollege","C",0.098903572,51363.3216696754
109,2,FALSE,52,"HighSchoolOrCollege","C",0.290464519,45597.033754079
110,2,FALSE,26,"HighSchoolOrCollege","D",0.313305546,47189.208345297
111,2,FALSE,30,"HighSchoolOrCollege","B",0.720330648,4289.402564825
112,2,FALSE,23,"Graduate","C",0.646977694,110525.222387607
113,2,FALSE,51,"Graduate","G",0.999233967,48564.674503723
114,2,FALSE,55,"Graduate","G",0.413490065,96451.244524277
115,2,FALSE,56,"HighSchoolOrCollege","J",0.57753282,28772.056786394
116,2,FALSE,43,"Graduate","E",0.30282788,140210.928274004
117,2,FALSE,22,"Bachelors","F",0.760663448,45421.58738113
118,2,FALSE,33,"Bachelors","C",0.140611532,104545.807511889
119,2,FALSE,32,"Graduate","B",0.612907872,90698.306060882
120,2,FALSE,31,"HighSchoolOrCollege","E",0.876546337,16465.424244721
121,2,FALSE,45,"HighSchoolOrCollege","F",0.41537229,27947.979572577
122,2,FALSE,37,"HighSchoolOrCollege","A",0.159723746,48707.845934971
123,2,FALSE,43,"HighSchoolOrCollege","B",0.118152103,48517.697638972
124,2,FALSE,49,"Graduate","I",0.14336634,138271.241231049
125,2,FALSE,50,"Graduate","E",0.150075471,119859.754641991
126,2,FALSE,26,"HighSchoolOrCollege","A",0.72895287,6084.118604273
127,2,FALSE,60,"HighSchoolOrCollege","E",0.882038681,2708.1760489846
128,2,FALSE,57,"Bachelors","G",0.718790546,32775.49632326
129,2,FALSE,27,"HighSchoolOrCollege","B",0.371183768,23777.815365013
130,2,FALSE,48,"HighSchoolOrCollege","J",0.524660325,25227.205264463
131,2,FALSE,26,"Bachelors","H",0.802929522,14889.904977829
132,2,FALSE,36,"Graduate","I",0.540291283,85407.2876018795
133,2,FALSE,27,"HighSchoolOrCollege","I",0.551268581,26719.944671087
134,2,FALSE,53,"HighSchoolOrCollege","D",0.247000174,50663.136866094
135,2,FALSE,59,"HighSchoolOrCollege","E",0.86081073,19356.109509494
136,2,FALSE,34,"Graduate","A",0.555650922,82605.995944902
137,2,FALSE,34,"HighSchoolOrCollege","C",0.87301128,9897.0930193015
138,2,FALSE,49,"HighSchoolOrCollege","H",0.732757238,21256.731643378
139,2,FALSE,48,"Bachelors","C",0.846097713,24747.57713356
140,2,FALSE,24,"Bachelors","I",0.216307476,105052.929599498
141,2,FALSE,24,"Bachelors","B",0.792161061,20317.0382858433
142,2,FALSE,24,"HighSchoolOrCollege","F",0.789243454,2779.9517648853
143,2,FALSE,18,"HighSchoolOrCollege","A",0.107753878,43174.6242611635
144,2,FALSE,23,"HighSchoolOrCollege","I",0.444080663,24093.029481275
145,2,FALSE,30,"HighSchoolOrCollege","F",0.882253016,6766.873486913
146,2,FALSE,46,"HighSchoolOrCollege","J",0.643761923,23799.073943698
147,2,FALSE,44,"HighSchoolOrCollege","J",0.528698226,22815.4106949945
148,2,FALSE,37,"Bachelors","A",0.266938991,103195.64969695
149,2,FALSE,26,"Bachelors","A",0.80654106,3509.439400654
150,2,FALSE,44,"Bachelors","H",0.20807405,94935.098850732
151,2,FALSE,46,"Low","G",0.159854965,28745.005536936
152,2,FALSE,41,"HighSchoolOrCollege","I",0.6089739,24486.174387375
153,2,FALSE,23,"HighSchoolOrCollege","A",0.758079342,11056.588929787
154,2,FALSE,29,"HighSchoolOrCollege","J",0.954706293,2536.4187899323
155,2,FALSE,55,"Graduate","A",0.176618296,118233.80477708
156,2,FALSE,52,"HighSchoolOrCollege","J",0.466716971,21823.663619482
157,2,FALSE,25,"Graduate","J",0.254005742,123112.213000347
158,2,FALSE,25,"Graduate","J",0.468930899,71993.634079011
159,2,FALSE,39,"HighSchoolOrCollege","G",0.24297235,49093.290773653
160,2,FALSE,52,"Bachelors","F",0.168095803,91892.664398707
161,2,FALSE,47,"HighSchoolOrCollege","A",0.965708743,2637.7432864767
162,2,FALSE,36,"HighSchoolOrCollege","B",0.936659644,10220.96841882
163,2,FALSE,26,"HighSchoolOrCollege","D",0.225309113,45140.899747746
164,2,FALSE,27,"Graduate","F",0.812453062,28353.881478669
165,2,FALSE,30,"Graduate","G",0.964990249,50539.591650353
166,2,FALSE,21,"Low","A",0.627739055,21376.068389969
167,2,FALSE,49,"HighSchoolOrCollege","F",0.846680285,14687.1340671
168,1,FALSE,48,"Graduate","G",0.365595636,66959.954387864
169,1,FALSE,24,"HighSchoolOrCollege","J",0.364391587,26164.487818851
170,1,FALSE,20,"Bachelors","G",0.133248852,93341.4465984423
171,1,FALSE,58,"Low","I",0.114389766,32893.349104279
172,1,FALSE,38,"Graduate","I",0.575001936,60430.048250217
173,1,FALSE,19,"Graduate","C",0.78521373,56600.0883069167
174,1,FALSE,43,"Graduate","D",0.718049535,7454.224746853
175,1,FALSE,22,"HighSchoolOrCollege","I",0.481863571,27978.892681951
176,1,FALSE,24,"Graduate","J",0.931237599,23784.758312441
177,1,FALSE,23,"HighSchoolOrCollege","E",0.495453274,26175.635407867
178,1,FALSE,29,"Bachelors","E",0.725246226,40321.7047113695
179,1,FALSE,44,"Bachelors","F",0.900831449,7750.3665865348
180,1,FALSE,34,"Low","H",0.100777319,30505.471544306
181,1,FALSE,22,"HighSchoolOrCollege","E",0.787497465,7914.7877843152
182,1,FALSE,26,"HighSchoolOrCollege","C",0.839659224,10658.8362779525
183,1,FALSE,41,"Graduate","F",0.109940826,121923.195197711
184,1,FALSE,38,"HighSchoolOrCollege","G",0.95269116,10949.112746985
185,1,FALSE,31,"HighSchoolOrCollege","G",0.270514436,53993.2888665215
186,1,FALSE,38,"Graduate","C",0.89222241,43721.941641208
187,1,FALSE,44,"Low","B",0.207533138,31439.644545695
188,1,FALSE,19,"Bachelors","D",0.730336584,70118.107059941
189,1,FALSE,53,"Graduate","E",0.216100876,114923.863460826
190,1,FALSE,31,"Bachelors","H",0.61053033,64258.9475916399
191,1,FALSE,48,"HighSchoolOrCollege","G",0.447070968,27365.583395883
192,1,FALSE,59,"HighSchoolOrCollege","I",0.262612842,54153.515173977
193,1,FALSE,23,"Bachelors","D",0.976160413,62354.773482795
194,1,FALSE,23,"Bachelors","A",0.162966636,98219.584478001
195,1,FALSE,60,"Graduate","B",0.058702708,116381.011929518
196,1,FALSE,28,"Low","I",0.360151845,19112.5120802541
197,1,FALSE,30,"HighSchoolOrCollege","C",0.901982488,12112.936495353
198,1,FALSE,39,"Bachelors","H",0.321634269,93552.6888521196
199,1,FALSE,31,"HighSchoolOrCollege","A",0.379086335,25601.030711852
200,1,FALSE,51,"Graduate","H",0.122095522,114164.661479633
201,1,FALSE,54,"HighSchoolOrCollege","A",0.203183443,51780.231971386
202,1,FALSE,25,"HighSchoolOrCollege","A",0.985936814,14946.1856174755
203,1,FALSE,24,"HighSchoolOrCollege","J",0.939180121,10776.61758528
204,1,FALSE,33,"Low","C",0.271944209,30576.97407943
205,1,FALSE,37,"HighSchoolOrCollege","I",0.194899452,48729.9092756652
206,1,FALSE,52,"HighSchoolOrCollege","D",0.365692745,22757.7125852375
207,1,FALSE,30,"Bachelors","B",0.814611008,48245.9174970807
208,1,FALSE,56,"HighSchoolOrCollege","E",0.371925591,25186.079013967
209,1,FALSE,24,"HighSchoolOrCollege","C",0.25635218,52355.7535607841
210,1,FALSE,18,"Low","A",0.857673439,5639.403647304
211,1,FALSE,20,"Bachelors","F",0.214486332,94139.6900143461
212,1,FALSE,60,"HighSchoolOrCollege","D",0.748988452,4381.451616039
213,1,FALSE,44,"Bachelors","I",0.961066785,35531.299077034
214,1,FALSE,33,"HighSchoolOrCollege","C",0.300610569,50243.901583966
215,1,FALSE,31,"Bachelors","A",0.089838002,91734.462032782
216,1,FALSE,38,"HighSchoolOrCollege","C",0.153900625,50622.146493095
217,1,FALSE,57,"HighSchoolOrCollege","F",0.948411855,7797.610133666
218,1,FALSE,38,"HighSchoolOrCollege","B",0.971074532,3297.894145593
219,1,FALSE,57,"HighSchoolOrCollege","I",0.955659284,20643.74942519
220,1,FALSE,56,"Graduate","F",0.79251329,43830.8486419273
221,1,FALSE,50,"HighSchoolOrCollege","I",0.727868507,22093.210488637
222,1,FALSE,44,"HighSchoolOrCollege","G",0.617025806,23480.560823049
223,1,FALSE,43,"Bachelors","F",0.700821194,20710.1189706241
224,1,FALSE,41,"Low","G",0.28441375,31467.4089335532
225,1,FALSE,49,"HighSchoolOrCollege","E",0.004829228,51142.6548310153
226,1,FALSE,43,"Bachelors","I",0.965943386,46267.935051944
227,1,FALSE,59,"HighSchoolOrCollege","H",0.490213553,24215.168796853
228,1,FALSE,53,"Bachelors","J",0.168680628,88361.304346248
229,1,FALSE,41,"Bachelors","G",0.68602034,55800.30732451
230,1,FALSE,52,"Bachelors","D",0.004466007,86792.719792077
231,1,FALSE,59,"HighSchoolOrCollege","A",0.902213545,4828.688421595
232,1,FALSE,53,"HighSchoolOrCollege","C",0.96685839,8690.0441662343
233,1,FALSE,38,"Graduate","A",0.263283426,110780.714893897
234,1,FALSE,43,"Graduate","C",0.332411556,58303.611003983
235,1,FALSE,29,"Graduate","G",0.936585851,41853.055869629
236,1,FALSE,44,"Low","I",0.10774033,28786.536389653
237,1,FALSE,48,"Graduate","C",0.110877355,109243.902578584
238,1,FALSE,21,"Low","A",0.256101892,27215.373978727
239,1,FALSE,45,"Low","I",0.795405195,2067.090588378
240,1,FALSE,21,"Graduate","J",0.641752748,57267.301922903
241,1,FALSE,30,"HighSchoolOrCollege","I",0.088547964,48464.600663754
242,1,FALSE,26,"Graduate","H",0.113248116,102059.205491234
243,1,FALSE,31,"HighSchoolOrCollege","H",0.662515201,8324.438690289
244,1,FALSE,30,"HighSchoolOrCollege","I",0.969991586,16098.5240451863
245,1,FALSE,52,"Graduate","C",0.859058201,60285.159560214
246,1,FALSE,30,"HighSchoolOrCollege","B",0.968768651,5206.276643942
247,1,FALSE,33,"Low","B",0.867500339,3991.721212869
248,1,FALSE,51,"Bachelors","H",0.287889236,87618.193156566
249,1,FALSE,25,"Graduate","G",0.842954238,31246.761036189
250,1,FALSE,59,"HighSchoolOrCollege","E",0.627740735,22976.934097456
251,1,FALSE,58,"HighSchoolOrCollege","D",0.386580333,24021.4024818975
252,3,TRUE,59,"HighSchoolOrCollege","D",0.564718074,39049.7740241468
253,3,TRUE,43,"Graduate","G",0.560328176,96529.9490123
254,3,TRUE,23,"Bachelors","D",0.17968177,76977.804938591
255,3,TRUE,59,"HighSchoolOrCollege","H",0.852187763,3019.581230886
256,3,TRUE,25,"HighSchoolOrCollege","F",0.807211251,2249.284952828
257,3,TRUE,24,"HighSchoolOrCollege","D",0.405851044,34768.783447803
258,3,TRUE,37,"Bachelors","G",0.951577316,8045.67983427
259,3,TRUE,31,"HighSchoolOrCollege","J",0.19286307,43598.152238594
260,3,TRUE,52,"Graduate","B",0.33366576,84392.385084923
261,3,TRUE,29,"HighSchoolOrCollege","H",0.465652496,34369.97665658
262,3,TRUE,52,"HighSchoolOrCollege","F",0.664033926,2497.813191596
263,3,TRUE,31,"HighSchoolOrCollege","A",0.223825175,40409.52599504
264,3,TRUE,28,"HighSchoolOrCollege","H",0.106440071,40165.6296291527
265,3,TRUE,44,"Bachelors","D",0.048044295,81435.601776823
266,3,TRUE,32,"Graduate","F",0.972629863,37236.456283913
267,3,TRUE,59,"HighSchoolOrCollege","G",0.798810236,2384.837678316
268,3,TRUE,53,"HighSchoolOrCollege","G",0.041170737,41258.2285018263
269,3,TRUE,56,"HighSchoolOrCollege","F",0.36077235,34833.7065703959
270,3,TRUE,32,"HighSchoolOrCollege","E",0.173976665,39394.923859548
271,3,TRUE,57,"HighSchoolOrCollege","D",0.331893543,33738.963864864
272,3,TRUE,47,"HighSchoolOrCollege","F",0.669281126,11614.993524383
273,3,TRUE,46,"HighSchoolOrCollege","B",0.874083512,6249.0577314987
274,3,TRUE,44,"HighSchoolOrCollege","G",0.79265137,14042.599142244
275,3,TRUE,60,"HighSchoolOrCollege","F",0.173802734,41219.110174275
276,3,TRUE,50,"Bachelors","A",0.107405002,73193.013189389
277,3,TRUE,34,"HighSchoolOrCollege","E",0.836787725,8917.602226526
278,3,TRUE,56,"Bachelors","B",0.259541618,72879.421599032
279,3,TRUE,23,"HighSchoolOrCollege","A",0.811965348,2162.192629353
280,3,TRUE,25,"Bachelors","J",0.102762652,73314.261890985
281,3,TRUE,27,"HighSchoolOrCollege","C",0.478284265,31707.665924793
282,3,TRUE,38,"HighSchoolOrCollege","B",0.109360456,39610.5125020814
283,3,TRUE,60,"Graduate","D",0.880967299,46820.008147145
284,3,TRUE,52,"HighSchoolOrCollege","B",0.754293139,5285.7617429508
285,3,TRUE,45,"HighSchoolOrCollege","A",0.897884327,2441.8995851065
286,3,TRUE,20,"HighSchoolOrCollege","E",0.476984055,29977.097939868
287,3,TRUE,51,"HighSchoolOrCollege","E",0.599616007,24646.455369902
288,3,TRUE,34,"HighSchoolOrCollege","C",0.910143395,2441.915041889
289,3,TRUE,35,"Graduate","E",0.955240694,50262.88689766
290,3,TRUE,43,"Graduate","A",0.271552097,96274.301535351
291,3,TRUE,37,"Low","E",0.370084679,14629.497199957
292,3,TRUE,27,"Bachelors","B",0.686374918,13947.383497199
293,3,TRUE,31,"HighSchoolOrCollege","F",0.126082302,36251.4096863529
294,3,TRUE,24,"HighSchoolOrCollege","G",0.847052228,4380.948235362
295,3,TRUE,41,"Graduate","F",0.439355556,77979.9678400134
296,3,TRUE,39,"Graduate","H",0.548350934,74448.233864134
297,3,TRUE,53,"HighSchoolOrCollege","D",0.057905387,40597.343138835
298,3,TRUE,45,"HighSchoolOrCollege","G",0.852555697,2506.363727492
299,3,TRUE,35,"HighSchoolOrCollege","I",0.5149016,27032.8486386038
300,3,TRUE,58,"HighSchoolOrCollege","H",0.21434781,36269.7374370255
301,3,TRUE,46,"Low","J",0.873371058,2169.5201071869
302,3,TRUE,44,"HighSchoolOrCollege","A",0.254585434,37576.149689508
303,3,TRUE,34,"Graduate","F",0.543218407,70225.021446733
304,3,TRUE,50,"HighSchoolOrCollege","H",0.183595892,37945.235889175
305,3,TRUE,31,"Bachelors","C",0.84325552,19998.0105795479
306,3,TRUE,49,"HighSchoolOrCollege","I",0.260386143,36374.881553279
307,3,TRUE,38,"Graduate","H",0.962210067,8526.416015406
308,3,TRUE,30,"HighSchoolOrCollege","F",0.172405182,33785.471932454
309,3,TRUE,30,"HighSchoolOrCollege","E",0.125682773,33686.700144208
310,3,TRUE,29,"HighSchoolOrCollege","H",0.061286668,32454.298154176
311,3,TRUE,45,"HighSchoolOrCollege","D",0.699020662,7901.6394653102
312,3,TRUE,42,"HighSchoolOrCollege","A",0.260798961,36760.225698942
313,3,TRUE,55,"Low","I",0.093271632,21728.884089386
314,3,TRUE,20,"HighSchoolOrCollege","H",0.633335142,24007.994188209
315,3,TRUE,25,"Graduate","B",0.287666416,83739.234223743
316,3,TRUE,34,"HighSchoolOrCollege","H",0.175386489,33343.8235844305
317,3,TRUE,52,"Low","G",0.494087429,15046.66277843
318,3,TRUE,55,"HighSchoolOrCollege","F",0.473772081,25668.6041065
319,3,TRUE,32,"Low","B",0.253614379,15809.62617207
320,3,TRUE,53,"Bachelors","G",0.477539156,59490.3659236304
321,3,TRUE,18,"Graduate","F",0.842877969,31763.35919549
322,3,TRUE,59,"HighSchoolOrCollege","I",0.650831243,23146.876010139
323,3,TRUE,31,"Graduate","B",0.757226712,44789.460120712
324,3,TRUE,48,"HighSchoolOrCollege","C",0.122182828,32585.180352357
325,3,TRUE,19,"HighSchoolOrCollege","I",0.480441948,25848.838586314
326,3,TRUE,24,"Bachelors","F",0.654885921,54818.386107119
327,2,FALSE,55,"HighSchoolOrCollege","C",0.228872071,36298.006828423
328,2,FALSE,51,"Low","H",0.346047608,15806.98021348
329,2,FALSE,53,"Bachelors","J",0.085267909,74943.443245367
330,2,FALSE,25,"Graduate","G",0.7738118,19259.835166699
331,2,FALSE,18,"Graduate","G",0.417763616,66052.003174303
332,2,FALSE,23,"Bachelors","H",0.323175901,70507.2808445683
333,2,FALSE,37,"Bachelors","G",0.299174844,71249.899825397
334,2,FALSE,22,"Bachelors","J",0.103185768,68054.3909721239
335,2,FALSE,47,"Graduate","H",0.328727521,82572.2467308229
336,2,FALSE,56,"Graduate","G",0.600454813,57877.038938437
337,2,FALSE,58,"Graduate","B",0.108965479,83260.836705742
338,2,FALSE,52,"HighSchoolOrCollege","H",0.713809975,7213.2994000945
339,2,FALSE,29,"Bachelors","H",0.21098913,69160.468627278
340,2,FALSE,33,"Graduate","E",0.034283769,81143.838509145
341,2,FALSE,34,"HighSchoolOrCollege","G",0.227355255,30908.677634238
342,2,FALSE,43,"HighSchoolOrCollege","E",0.584828154,24694.5062671528
343,2,FALSE,42,"Bachelors","C",0.029688855,63688.661328296
344,2,FALSE,41,"HighSchoolOrCollege","D",0.025541228,32287.3638951192
345,2,FALSE,36,"Bachelors","E",0.464569175,55188.46887423
346,2,FALSE,55,"Low","J",0.70462894,2055.402287107
347,2,FALSE,30,"Bachelors","D",0.270904553,63328.063312518
348,2,FALSE,43,"HighSchoolOrCollege","A",0.573738776,23160.715137904
349,2,FALSE,19,"HighSchoolOrCollege","B",0.51011746,22850.141599309
350,2,FALSE,38,"Graduate","I",0.517999111,56287.083961716
351,2,FALSE,59,"Bachelors","E",0.269322751,58534.139188829
352,2,FALSE,29,"HighSchoolOrCollege","C",0.788841177,2409.711847482
353,2,FALSE,34,"Low","E",0.34088384,12598.062524397
354,2,FALSE,60,"Low","C",0.21035075,17197.290175058
355,2,FALSE,38,"Graduate","J",0.735837586,42875.005797841
356,2,FALSE,31,"HighSchoolOrCollege","C",0.686094014,2367.363219339
357,2,FALSE,40,"Graduate","B",0.536520661,54621.6685972885
358,2,FALSE,36,"HighSchoolOrCollege","F",0.969014671,5613.993642701
359,2,FALSE,43,"HighSchoolOrCollege","H",0.757990018,6810.168058086
360,2,FALSE,32,"HighSchoolOrCollege","H",0.41088011,22517.794886413
361,2,FALSE,32,"Low","F",0.299050559,14649.57773156
362,2,FALSE,28,"HighSchoolOrCollege","D",0.753234813,13058.075520422
363,2,FALSE,49,"Graduate","G",0.404476978,53188.879846408
364,2,FALSE,19,"HighSchoolOrCollege","J",0.253379525,33695.729780408
365,2,FALSE,20,"Low","G",0.438986616,11747.762331039
366,2,FALSE,39,"HighSchoolOrCollege","H",0.138808298,32285.362231211
367,2,FALSE,29,"HighSchoolOrCollege","B",0.13664462,30516.174317539
368,2,FALSE,20,"Graduate","D",0.039923482,81475.72147264
369,2,FALSE,54,"HighSchoolOrCollege","I",0.139040705,31359.218404474
370,2,FALSE,33,"Bachelors","J",0.70247421,38194.586616446
371,2,FALSE,38,"HighSchoolOrCollege","E",0.371688755,20251.80369083
372,2,FALSE,18,"Bachelors","A",0.986983183,20052.977027174
373,2,FALSE,38,"Graduate","B",0.979407864,30138.4853410213
374,2,FALSE,57,"HighSchoolOrCollege","F",0.85417223,9149.1922409414
375,2,FALSE,34,"HighSchoolOrCollege","D",0.184734538,28740.540209633
376,2,FALSE,19,"HighSchoolOrCollege","F",0.141162784,27394.958806145
377,2,FALSE,30,"Graduate","G",0.035335186,82354.973256253
378,2,FALSE,60,"HighSchoolOrCollege","C",0.991810222,11017.034116222
379,2,FALSE,38,"HighSchoolOrCollege","F",0.061959185,32875.688327111
380,2,FALSE,38,"HighSchoolOrCollege","C",0.690118062,2370.006009338
381,2,FALSE,59,"HighSchoolOrCollege","A",0.621188126,18369.351137081
382,2,FALSE,43,"HighSchoolOrCollege","H",0.964579432,2296.7433055032
383,2,FALSE,23,"HighSchoolOrCollege","J",0.694582993,2546.0203957313
384,2,FALSE,39,"HighSchoolOrCollege","G",0.949906952,2390.48791657
385,2,FALSE,19,"HighSchoolOrCollege","F",0.569018722,18500.446394508
386,2,FALSE,39,"Graduate","H",0.479804894,48258.979251935
387,2,FALSE,58,"HighSchoolOrCollege","G",0.401545108,19323.458583929
388,2,FALSE,48,"Graduate","A",0.687759804,26437.164292097
389,2,FALSE,52,"Graduate","J",0.596117189,42429.002820631
390,2,FALSE,31,"Bachelors","J",0.76530714,16310.402717619
391,2,FALSE,42,"Low","G",0.140477262,18065.996771983
392,2,FALSE,43,"HighSchoolOrCollege","J",0.848830989,2615.047578245
393,2,FALSE,26,"HighSchoolOrCollege","G",0.909124868,12152.630262345
394,2,FALSE,54,"HighSchoolOrCollege","A",0.52722067,19541.287560152
395,2,FALSE,54,"Graduate","G",0.675097131,21658.906481104
396,2,FALSE,41,"Bachelors","G",0.364809779,49777.115029429
397,2,FALSE,60,"HighSchoolOrCollege","H",0.396967817,19594.197138792
398,2,FALSE,53,"Bachelors","I",0.963462391,22043.698983159
399,2,FALSE,33,"HighSchoolOrCollege","J",0.082643442,26851.875740362
400,2,FALSE,36,"HighSchoolOrCollege","F",0.512379139,15669.267746545
401,2,FALSE,47,"HighSchoolOrCollege","J",0.264710804,28711.778695976
402,2,FALSE,24,"HighSchoolOrCollege","J",0.674497947,5298.998952673
403,2,FALSE,44,"Bachelors","J",0.884407261,20566.402930647
404,2,FALSE,58,"Low","I",0.230962551,15468.516159128
405,2,FALSE,25,"HighSchoolOrCollege","D",0.617829242,18171.066698339
406,2,FALSE,24,"HighSchoolOrCollege","H",0.801609951,2402.586690503
407,2,FALSE,20,"HighSchoolOrCollege","A",0.686077576,2573.040593108
408,2,FALSE,33,"Bachelors","H",0.794096009,8989.907268681
409,2,FALSE,18,"Graduate","H",0.645271398,34821.272901804
410,2,FALSE,42,"HighSchoolOrCollege","B",0.175733331,28233.0644307101
411,2,FALSE,21,"HighSchoolOrCollege","I",0.507728111,17880.875673697
412,2,FALSE,58,"HighSchoolOrCollege","A",0.662852559,5209.6585201208
413,2,FALSE,56,"Graduate","D",0.106292289,75659.6482752776
414,2,FALSE,24,"HighSchoolOrCollege","G",0.171319189,26549.018384518
415,2,FALSE,18,"HighSchoolOrCollege","I",0.128459971,29737.450291805
416,2,FALSE,30,"Bachelors","G",0.370202736,49755.673321324
417,2,FALSE,38,"HighSchoolOrCollege","G",0.695894652,10906.735649107
418,2,FALSE,44,"HighSchoolOrCollege","E",0.976850716,14512.311610028
419,2,FALSE,36,"Low","A",0.622118277,7152.130870018
420,1,FALSE,55,"HighSchoolOrCollege","G",0.085672033,36048.4395451784
421,1,FALSE,38,"Bachelors","A",0.517662469,54361.392165995
422,1,FALSE,27,"Graduate","D",0.647441392,37521.248264075
423,1,FALSE,53,"HighSchoolOrCollege","I",0.132465984,35795.924454095
424,1,FALSE,49,"HighSchoolOrCollege","D",0.723576465,4078.922547254
425,1,FALSE,33,"HighSchoolOrCollege","E",0.334417031,23693.571901781
426,1,FALSE,41,"Graduate","G",0.469702696,34467.837797882
427,1,FALSE,37,"Bachelors","H",0.916735753,38834.8402229071
428,1,FALSE,44,"HighSchoolOrCollege","G",0.09631243,35700.046937278
429,1,FALSE,53,"Graduate","H",0.059265966,80977.021397107
430,1,FALSE,49,"HighSchoolOrCollege","C",0.949453894,8835.063968897
431,1,FALSE,20,"HighSchoolOrCollege","E",0.420302416,22328.0041446972
432,1,FALSE,26,"Bachelors","G",0.981851015,12948.2224760261
433,1,FALSE,32,"Bachelors","G",0.000985,68280.438423644
434,1,FALSE,25,"Bachelors","A",0.618031654,50284.810959727
435,1,FALSE,27,"Low","C",0.725281643,2098.181698345
436,1,FALSE,36,"HighSchoolOrCollege","J",0.949412047,4758.085158639
437,1,FALSE,25,"HighSchoolOrCollege","G",0.450502705,22695.9193189811
438,1,FALSE,43,"Graduate","D",0.63736647,32142.033545278
439,1,FALSE,35,"HighSchoolOrCollege","I",0.930702522,9054.308523185
440,1,FALSE,32,"HighSchoolOrCollege","H",0.049076886,32376.841113377
441,1,FALSE,49,"HighSchoolOrCollege","C",0.800759302,1276.083139326
442,1,FALSE,27,"Bachelors","J",0.523649971,45942.35507565
443,1,FALSE,56,"HighSchoolOrCollege","F",0.758121962,2689.379189107
444,1,FALSE,30,"Graduate","H",0.048951659,82724.4357541082
445,1,FALSE,23,"Bachelors","B",0.496667064,43462.580409196
446,1,FALSE,31,"Graduate","B",0.154285175,77977.5812675
447,1,FALSE,49,"Graduate","G",0.689153128,26247.202355207
448,1,FALSE,28,"Graduate","E",0.924288993,28813.495930345
449,1,FALSE,41,"Graduate","H",0.392066569,28569.178853443
450,1,FALSE,35,"HighSchoolOrCollege","A",0.504323829,21162.5910111482
451,1,FALSE,19,"HighSchoolOrCollege","G",0.164418633,32742.408939455
452,1,FALSE,18,"HighSchoolOrCollege","J",0.742684694,7899.844326722
453,1,FALSE,35,"HighSchoolOrCollege","H",0.811967182,6972.9743291083
454,1,FALSE,43,"Bachelors","B",0.249578287,60069.5539962059
455,1,FALSE,49,"HighSchoolOrCollege","F",0.158418515,30612.520251239
456,1,FALSE,25,"HighSchoolOrCollege","H",0.685091778,8236.309190469
457,1,FALSE,57,"HighSchoolOrCollege","F",0.151671229,33590.213257424
458,1,FALSE,24,"HighSchoolOrCollege","A",0.312528351,30051.586215136
459,1,FALSE,18,"Bachelors","J",0.344762529,43209.936230603
460,1,FALSE,37,"Bachelors","J",0.969102133,15568.508433317
461,1,FALSE,55,"Bachelors","D",0.302215803,62276.111006769
462,1,FALSE,60,"Low","H",0.773790326,3433.557325963
463,1,FALSE,42,"Graduate","F",0.353252364,28070.767357976
464,1,FALSE,31,"Graduate","C",0.923037343,25428.2333973099
465,1,FALSE,29,"HighSchoolOrCollege","J",0.329111154,32145.308955762
466,1,FALSE,20,"HighSchoolOrCollege","I",0.191165293,31758.2283839181
467,1,FALSE,38,"HighSchoolOrCollege","C",0.586290946,18803.8232714788
468,1,FALSE,40,"HighSchoolOrCollege","J",0.45189519,20451.425942001
469,1,FALSE,26,"Bachelors","H",0.554244414,44592.721274456
470,1,FALSE,18,"HighSchoolOrCollege","J",0.679944615,24111.223821593
471,1,FALSE,36,"Graduate","J",0.039582663,81785.034351916
472,1,FALSE,59,"Graduate","E",0.941687305,12018.274062868
473,1,FALSE,60,"Bachelors","B",0.614071428,42631.2866831625
474,1,FALSE,49,"Graduate","I",0.088574034,80724.221779967
475,1,FALSE,24,"Graduate","E",0.237641609,70841.765110179
476,1,FALSE,26,"HighSchoolOrCollege","C",0.094335508,29009.1352616344
477,1,FALSE,37,"HighSchoolOrCollege","B",0.383485068,19255.277709584
478,1,FALSE,58,"Bachelors","D",0.495874155,42817.1544596278
479,1,FALSE,58,"HighSchoolOrCollege","A",0.753570226,4054.3449540764
480,1,FALSE,39,"HighSchoolOrCollege","B",0.211241597,30717.410514061
481,1,FALSE,44,"Low","B",0.563457797,13204.949797522
482,1,FALSE,55,"HighSchoolOrCollege","I",0.012329643,30483.9600787565
483,1,FALSE,36,"Graduate","J",0.209746249,71086.2467712002
484,1,FALSE,42,"Bachelors","B",0.936547208,15031.9959946717
485,1,FALSE,28,"Low","F",0.24042683,18234.5589957028
486,1,FALSE,29,"Low","G",0.02038719,18920.480544112
487,1,FALSE,49,"Bachelors","I",0.471347147,40722.7540172812
488,1,FALSE,51,"HighSchoolOrCollege","F",0.770104322,6308.926226289
489,1,FALSE,24,"Bachelors","A",0.107608661,62154.682034887
490,1,FALSE,46,"HighSchoolOrCollege","D",0.008404856,31115.984545631
491,1,FALSE,19,"Bachelors","B",0.843920569,42281.88218248
492,1,FALSE,58,"Bachelors","I",0.364100624,40542.497208807
493,1,FALSE,29,"Bachelors","I",0.641308283,37322.055396634
494,1,FALSE,40,"HighSchoolOrCollege","E",0.149860389,32779.745858047
495,1,FALSE,47,"HighSchoolOrCollege","H",0.478280008,16438.729281458
496,1,FALSE,49,"HighSchoolOrCollege","F",0.145298865,31996.091610541
497,1,FALSE,28,"HighSchoolOrCollege","D",0.906250776,9620.467951054
498,1,FALSE,49,"HighSchoolOrCollege","B",0.653874654,17289.481419807
499,1,FALSE,28,"Graduate","I",0.494442294,70149.3289274886
500,1,FALSE,53,"HighSchoolOrCollege","C",0.239743189,27187.561163
501,1,FALSE,23,"Bachelors","E",0.895202266,13745.768931566
502,1,FALSE,18,"HighSchoolOrCollege","F",0.597042481,17432.020081707
503,1,FALSE,24,"HighSchoolOrCollege","A",0.892482505,4041.217767938
504,3,TRUE,35,"HighSchoolOrCollege","C",0.108711953,23562.821779303
505,3,TRUE,45,"HighSchoolOrCollege","F",0.466477753,18946.091274557
506,3,TRUE,34,"Graduate","E",0.602514117,64152.893776852
507,3,TRUE,34,"Low","G",0.293051648,7324.453737798
508,3,TRUE,31,"HighSchoolOrCollege","F",0.87972655,11333.021095388
509,3,TRUE,58,"HighSchoolOrCollege","C",0.705961036,2472.999100777
510,3,TRUE,25,"HighSchoolOrCollege","G",0.716063608,2510.789993614
511,3,TRUE,27,"HighSchoolOrCollege","C",0.173537994,22966.471008275
512,3,TRUE,48,"HighSchoolOrCollege","F",0.66240327,2131.743613289
513,3,TRUE,57,"HighSchoolOrCollege","H",0.306487271,23317.136146033
514,3,TRUE,41,"HighSchoolOrCollege","E",0.896797286,2523.73315238
515,3,TRUE,32,"HighSchoolOrCollege","H",0.41490899,21310.118358836
516,3,TRUE,22,"HighSchoolOrCollege","A",0.369711957,17425.450812336
517,3,TRUE,35,"HighSchoolOrCollege","I",0.460451549,19620.542644322
518,3,TRUE,44,"HighSchoolOrCollege","A",0.379599106,19343.952584959
519,3,TRUE,18,"HighSchoolOrCollege","E",0.974802854,5842.88804974
520,3,TRUE,40,"Bachelors","H",0.154725513,52162.153004714
521,3,TRUE,39,"HighSchoolOrCollege","I",0.477456741,18823.936587754
522,3,TRUE,20,"Low","E",0.277699434,11013.926208411
523,3,TRUE,31,"HighSchoolOrCollege","D",0.80318727,2335.1294264944
524,3,TRUE,33,"Bachelors","C",0.262933648,52671.357584244
525,3,TRUE,55,"HighSchoolOrCollege","D",0.01017311,26374.798247009
526,3,TRUE,25,"HighSchoolOrCollege","H",0.703025703,2249.206467719
527,3,TRUE,31,"HighSchoolOrCollege","F",0.543392106,14205.6468060578
528,3,TRUE,44,"HighSchoolOrCollege","C",0.008329855,26025.432373587
529,3,TRUE,27,"Graduate","D",0.568405413,59218.0077549393
530,3,TRUE,42,"HighSchoolOrCollege","A",0.585489943,15257.424739633
531,3,TRUE,54,"HighSchoolOrCollege","D",0.134122197,21462.9071512844
532,3,TRUE,51,"Graduate","B",0.303479796,62069.675430342
533,3,TRUE,51,"HighSchoolOrCollege","E",0.504013735,14333.258921201
534,3,TRUE,50,"Bachelors","F",0.298257944,49355.126617008
535,3,TRUE,46,"Bachelors","H",0.428775106,47747.989681998
536,3,TRUE,46,"HighSchoolOrCollege","J",0.137689076,22725.2391860433
537,3,TRUE,42,"HighSchoolOrCollege","D",0.969868254,5753.7115142901
538,3,TRUE,22,"Bachelors","C",0.617029061,46274.0251497434
539,3,TRUE,47,"Low","C",0.449809053,2363.8221931057
540,3,TRUE,44,"Bachelors","C",0.820897579,7643.881780558
541,3,TRUE,49,"HighSchoolOrCollege","D",0.778143316,2632.513038161
542,3,TRUE,27,"Bachelors","D",0.149424876,50383.177726854
543,3,TRUE,54,"HighSchoolOrCollege","D",0.557004306,13515.459599936
544,3,TRUE,18,"Bachelors","G",0.574526753,47717.826879985
545,3,TRUE,18,"HighSchoolOrCollege","B",0.632529807,13488.745702415
546,3,TRUE,60,"Bachelors","H",0.061282494,48080.257181529
547,3,TRUE,20,"Bachelors","J",0.065619544,50023.202299314
548,3,TRUE,54,"Bachelors","H",0.061410383,48408.306243001
549,3,TRUE,40,"HighSchoolOrCollege","F",0.211903193,21416.820083783
550,3,TRUE,46,"HighSchoolOrCollege","J",0.420901962,13705.980646398
551,3,TRUE,58,"Graduate","D",0.492572167,55054.459380034
552,3,TRUE,60,"Graduate","E",0.057542458,63772.459868886
553,3,TRUE,28,"Low","A",0.100871333,2222.213542725
554,3,TRUE,29,"HighSchoolOrCollege","C",0.551760119,15027.7635258238
555,3,TRUE,23,"HighSchoolOrCollege","J",0.604777434,12635.204117278
556,3,TRUE,30,"HighSchoolOrCollege","B",0.626384882,10081.282409196
557,3,TRUE,18,"HighSchoolOrCollege","D",0.540412762,12597.282514089
558,3,TRUE,36,"HighSchoolOrCollege","I",0.805252435,2328.141887119
559,3,TRUE,60,"Bachelors","A",0.684335696,19720.676454105
560,3,TRUE,46,"HighSchoolOrCollege","D",0.240288209,21329.4053473462
561,3,TRUE,51,"HighSchoolOrCollege","A",0.24858955,19638.973182084
562,3,TRUE,49,"Bachelors","J",0.329193948,49647.0964199942
563,3,TRUE,41,"Bachelors","I",0.970166283,35610.56210598
564,3,TRUE,38,"Bachelors","G",0.842958885,10107.9340826768
565,3,TRUE,56,"Bachelors","C",0.906449778,13120.278498603
566,3,TRUE,22,"HighSchoolOrCollege","C",0.401423701,13982.9655762006
567,3,TRUE,50,"Low","G",0.865316562,2436.092770954
568,3,TRUE,52,"Low","C",0.812872098,2400.674936632
569,3,TRUE,20,"HighSchoolOrCollege","C",0.650812395,10659.766134245
570,3,TRUE,49,"Bachelors","C",0.539205582,41941.068091361
571,3,TRUE,57,"HighSchoolOrCollege","D",0.36821258,11453.310209907
572,3,TRUE,23,"HighSchoolOrCollege","J",0.681954474,2408.093666953
573,3,TRUE,49,"Graduate","I",0.978406157,7671.680742168
574,3,TRUE,57,"HighSchoolOrCollege","J",0.856878184,2262.022665426
575,3,TRUE,38,"HighSchoolOrCollege","D",0.83712939,2267.976783866
576,3,TRUE,23,"Graduate","D",0.968722072,22250.7814559714
577,3,TRUE,19,"HighSchoolOrCollege","G",0.93659165,2274.979712448
578,3,TRUE,21,"Bachelors","E",0.98284777,5993.515919269
579,2,FALSE,48,"Bachelors","F",0.768714853,16707.499978868
580,2,FALSE,29,"HighSchoolOrCollege","G",0.66433137,2354.104290447
581,2,FALSE,60,"Graduate","J",0.417992624,52018.702069523
582,2,FALSE,50,"HighSchoolOrCollege","D",0.468741471,11919.8798637
583,2,FALSE,50,"Graduate","J",0.568154176,45140.280043809
584,2,FALSE,36,"Bachelors","H",0.130737765,48579.279966399
585,2,FALSE,34,"Bachelors","D",0.265413241,48491.418928159
586,2,FALSE,41,"HighSchoolOrCollege","B",0.008705951,25788.981779287
587,2,FALSE,51,"HighSchoolOrCollege","F",0.444743825,9466.640098303
588,2,FALSE,45,"HighSchoolOrCollege","I",0.412038273,8599.287710894
589,2,FALSE,23,"HighSchoolOrCollege","I",0.975273877,2718.927150385
590,2,FALSE,53,"HighSchoolOrCollege","A",0.448569158,12936.923723103
591,2,FALSE,54,"Bachelors","H",0.263048698,48071.820410864
592,2,FALSE,32,"Graduate","A",0.22126511,57430.853552911
593,2,FALSE,43,"HighSchoolOrCollege","A",0.919710751,7123.91216692
594,2,FALSE,37,"Graduate","F",0.278112333,55941.868519807
595,2,FALSE,27,"Low","C",0.739359987,2355.115712139
596,2,FALSE,19,"Graduate","F",0.967555161,32172.882377044
597,2,FALSE,30,"HighSchoolOrCollege","I",0.408345757,13185.052308855
598,2,FALSE,22,"HighSchoolOrCollege","H",0.171959185,20713.931646678
599,2,FALSE,32,"HighSchoolOrCollege","G",0.998644049,2627.84690912
600,2,FALSE,49,"Bachelors","C",0.791591163,21576.727826222
601,2,FALSE,32,"HighSchoolOrCollege","E",0.585843678,10711.9419563275
602,2,FALSE,53,"HighSchoolOrCollege","C",0.853874668,2761.271507465
603,2,FALSE,59,"HighSchoolOrCollege","E",0.751229979,2707.842978239
604,2,FALSE,49,"HighSchoolOrCollege","E",0.875113575,2654.445036082
605,2,FALSE,44,"HighSchoolOrCollege","D",0.705971019,2495.812990305
606,2,FALSE,28,"HighSchoolOrCollege","H",0.370138058,12256.37838796
607,2,FALSE,53,"HighSchoolOrCollege","I",0.370246957,9440.579999181
608,2,FALSE,24,"HighSchoolOrCollege","B",0.358497175,9301.725809205
609,2,FALSE,42,"Bachelors","H",0.213011118,44241.144247103
610,2,FALSE,58,"Graduate","G",0.526105544,46386.292662244
611,2,FALSE,18,"HighSchoolOrCollege","J",0.734927742,2156.6762750517
612,2,FALSE,41,"Bachelors","J",0.034839253,42854.633095611
613,2,FALSE,46,"HighSchoolOrCollege","E",0.541632245,9398.4354577999
614,2,FALSE,45,"HighSchoolOrCollege","H",0.059062573,19561.8017908834
615,2,FALSE,36,"Low","H",0.79664861,2200.09272137
616,2,FALSE,52,"HighSchoolOrCollege","J",0.544782269,9054.024906839
617,2,FALSE,26,"HighSchoolOrCollege","A",0.965741735,2225.224191525
618,2,FALSE,22,"HighSchoolOrCollege","E",0.089915241,19889.651872698
619,2,FALSE,31,"HighSchoolOrCollege","E",0.025245948,19757.612250657
620,2,FALSE,31,"Bachelors","A",0.673541165,12044.992409592
621,2,FALSE,34,"HighSchoolOrCollege","H",0.738766851,2714.650835754
622,2,FALSE,54,"Bachelors","J",0.719188185,31202.383554725
623,2,FALSE,56,"HighSchoolOrCollege","B",0.576129491,10269.303320074
624,2,FALSE,31,"Bachelors","C",0.916163673,31681.811222315
625,2,FALSE,35,"HighSchoolOrCollege","G",0.604580267,8786.3028071132
626,2,FALSE,28,"Bachelors","D",0.793880506,29692.804671551
627,2,FALSE,60,"Bachelors","H",0.26189132,44534.806266837
628,2,FALSE,38,"HighSchoolOrCollege","J",0.84035204,2435.380834064
629,2,FALSE,59,"HighSchoolOrCollege","I",0.38852626,2594.0614623521
630,2,FALSE,30,"Bachelors","G",0.653881117,38787.602815609
631,2,FALSE,56,"HighSchoolOrCollege","G",0.217949026,18893.270834645
632,2,FALSE,38,"Bachelors","J",0.243164359,41134.7120772917
633,2,FALSE,32,"Graduate","H",0.227976736,51342.144697233
634,2,FALSE,52,"HighSchoolOrCollege","G",0.915889403,2427.4173370013
635,2,FALSE,33,"Graduate","J",0.447001762,45160.163114157
636,2,FALSE,39,"HighSchoolOrCollege","A",0.104168464,19391.788255986
637,2,FALSE,23,"Bachelors","F",0.573248725,39219.1714733292
638,2,FALSE,48,"HighSchoolOrCollege","I",0.221999544,18989.22695598
639,2,FALSE,19,"HighSchoolOrCollege","H",0.527164931,2800.872252032
640,2,FALSE,24,"Bachelors","D",0.686982312,24102.8798204075
641,2,FALSE,25,"HighSchoolOrCollege","E",0.396350271,2486.726899461
642,2,FALSE,37,"HighSchoolOrCollege","D",0.261732596,20006.913641118
643,2,FALSE,55,"HighSchoolOrCollege","A",0.619875624,2633.574818391
644,2,FALSE,37,"HighSchoolOrCollege","A",0.130781968,18013.7534924524
645,2,FALSE,33,"Graduate","E",0.134078822,53100.830517655
646,2,FALSE,36,"Graduate","I",0.962520694,25356.659509113
647,2,FALSE,54,"Low","A",0.665589674,2486.60925695
648,2,FALSE,49,"Bachelors","B",0.634994302,38590.124285837
649,2,FALSE,38,"HighSchoolOrCollege","A",0.042960665,17819.047198016
650,2,FALSE,31,"Graduate","C",0.846974117,34536.070015836
651,2,FALSE,24,"HighSchoolOrCollege","E",0.047571871,18704.497925935
652,2,FALSE,30,"Bachelors","B",0.665307968,16398.853208868
653,2,FALSE,40,"HighSchoolOrCollege","J",0.39520838,2320.0456852294
654,2,FALSE,19,"Bachelors","C",0.872069831,18745.670053112
655,2,FALSE,30,"HighSchoolOrCollege","F",0.380975259,2836.7821551078
656,2,FALSE,41,"Bachelors","F",0.315950154,41191.4168574863
657,2,FALSE,46,"HighSchoolOrCollege","B",0.71872952,2624.898524116
658,2,FALSE,38,"HighSchoolOrCollege","D",0.675085656,2425.8377664013
659,2,FALSE,49,"Graduate","H",0.741834688,31907.945829704
660,2,FALSE,30,"Bachelors","D",0.354910317,33921.650010161
661,2,FALSE,22,"HighSchoolOrCollege","H",0.056860736,19190.6675962737
662,2,FALSE,47,"Graduate","H",0.038611164,53007.885158622
663,2,FALSE,22,"HighSchoolOrCollege","D",0.937254935,2694.333471268
664,2,FALSE,53,"HighSchoolOrCollege","H",0.270124892,18359.692319798
665,2,FALSE,30,"HighSchoolOrCollege","G",0.172855291,14003.322184792
666,2,FALSE,32,"Bachelors","J",0.328627654,39665.678139783
667,2,FALSE,19,"HighSchoolOrCollege","F",0.037996177,16463.9105892566
668,2,FALSE,44,"HighSchoolOrCollege","H",0.59491202,2430.511432553
669,2,FALSE,28,"HighSchoolOrCollege","B",0.183180758,18270.512119191
670,2,FALSE,22,"HighSchoolOrCollege","F",0.39578961,2310.243062861
671,2,FALSE,51,"HighSchoolOrCollege","C",0.270624129,16780.4078965145
672,1,FALSE,22,"Bachelors","I",0.470322266,40963.019227054
673,1,FALSE,23,"Low","I",0.051798314,15532.667550451
674,1,FALSE,43,"HighSchoolOrCollege","F",0.543992757,11915.604461911
675,1,FALSE,55,"HighSchoolOrCollege","A",0.545251458,9620.182171635
676,1,FALSE,37,"HighSchoolOrCollege","J",0.068612756,25165.194885573
677,1,FALSE,47,"HighSchoolOrCollege","A",0.137446199,22263.220793854
678,1,FALSE,38,"Bachelors","D",0.90601112,10975.730285026
679,1,FALSE,54,"Graduate","F",0.980481087,11155.12049853
680,1,FALSE,48,"Low","C",0.141341978,12505.9835139558
681,1,FALSE,51,"HighSchoolOrCollege","G",0.440943662,9286.291080938
682,1,FALSE,32,"HighSchoolOrCollege","B",0.392351739,10516.3992563601
683,1,FALSE,31,"Graduate","G",0.241410497,57263.688899191
684,1,FALSE,30,"Graduate","C",0.411069142,44782.195818388
685,1,FALSE,42,"Bachelors","A",0.599260494,37110.573546972
686,1,FALSE,21,"Bachelors","C",0.786524128,20793.159197604
687,1,FALSE,48,"HighSchoolOrCollege","G",0.954361914,5748.4777232036
688,1,FALSE,50,"HighSchoolOrCollege","J",0.434048369,10367.755059225
689,1,FALSE,49,"Bachelors","G",0.42355875,36830.811921836
690,1,FALSE,50,"Low","C",0.467859308,11591.96204233
691,1,FALSE,36,"Graduate","D",0.609420425,40481.28764255
692,1,FALSE,54,"Graduate","C",0.560883015,40990.989241778
693,1,FALSE,39,"HighSchoolOrCollege","B",0.402956862,11718.0624557883
694,1,FALSE,55,"HighSchoolOrCollege","J",0.391601344,10994.660396665
695,1,FALSE,55,"Bachelors","H",0.54286479,37090.95375357
696,1,FALSE,44,"Bachelors","H",0.452363587,33267.681029492
697,1,FALSE,26,"HighSchoolOrCollege","A",0.976239224,3895.7591077413
698,1,FALSE,24,"Bachelors","C",0.674877675,39504.355941014
699,1,FALSE,33,"HighSchoolOrCollege","A",0.055989127,27562.569429018
700,1,FALSE,28,"HighSchoolOrCollege","I",0.907301342,8743.2330921796
701,1,FALSE,50,"HighSchoolOrCollege","G",0.440877016,9603.517527658
702,1,FALSE,49,"Bachelors","J",0.288396985,50513.106766167
703,1,FALSE,49,"HighSchoolOrCollege","F",0.609793327,8388.526889041
704,1,FALSE,44,"HighSchoolOrCollege","C",0.746716458,3964.959653457
705,1,FALSE,50,"HighSchoolOrCollege","E",0.692283941,5175.113746359
706,1,FALSE,24,"HighSchoolOrCollege","I",0.404529522,10002.149750496
707,1,FALSE,57,"HighSchoolOrCollege","F",0.275811473,27930.232082209
708,1,FALSE,23,"HighSchoolOrCollege","J",0.570765537,9508.549410314
709,1,FALSE,52,"HighSchoolOrCollege","G",0.100837923,21476.843470021
710,1,FALSE,50,"Bachelors","F",0.324954076,44395.2100134865
711,1,FALSE,27,"Bachelors","D",0.942801579,40711.2237240499
712,1,FALSE,51,"HighSchoolOrCollege","C",0.325503058,26881.486896071
713,1,FALSE,22,"Bachelors","D",0.11885355,49315.896096877
714,1,FALSE,50,"Graduate","C",0.905015948,28667.487308225
715,1,FALSE,58,"Graduate","D",0.373642689,36595.200174542
716,1,FALSE,20,"Bachelors","H",0.132319548,46792.018402295
717,1,FALSE,36,"HighSchoolOrCollege","G",0.318139199,26482.6567280707
718,1,FALSE,19,"Graduate","E",0.839634412,28002.338371096
719,1,FALSE,47,"Low","F",0.960391982,5102.940768481
720,1,FALSE,56,"Graduate","C",0.930475595,5274.5576879548
721,1,FALSE,24,"Bachelors","I",0.232407811,47727.991310911
722,1,FALSE,35,"HighSchoolOrCollege","E",0.634111119,8129.797438743
723,1,FALSE,55,"HighSchoolOrCollege","E",0.315916767,26378.7974240763
724,1,FALSE,50,"Low","B",0.241785645,13121.1536456511
725,1,FALSE,57,"HighSchoolOrCollege","A",0.624709649,8352.46196625
726,1,FALSE,20,"HighSchoolOrCollege","A",0.502901494,9401.2926895214
727,1,FALSE,58,"Bachelors","J",0.945430646,27245.523476753
728,1,FALSE,38,"Low","H",0.037220396,12265.903149206
729,1,FALSE,19,"HighSchoolOrCollege","H",0.465075787,8257.627753914
730,1,FALSE,48,"HighSchoolOrCollege","A",0.748473896,4944.301098955
731,1,FALSE,44,"Bachelors","B",0.619208795,32597.683278993
732,1,FALSE,41,"Graduate","A",0.240042805,53664.420170328
733,1,FALSE,50,"Low","J",0.298490597,12843.5439741524
734,1,FALSE,38,"Bachelors","H",0.522010625,31156.2656990732
735,1,FALSE,51,"Low","F",0.063256748,14569.270450136
736,1,FALSE,46,"HighSchoolOrCollege","B",0.130649539,20825.770599727
737,1,FALSE,43,"Bachelors","F",0.933937799,22370.742035725
738,1,FALSE,23,"Bachelors","G",0.879171582,11911.567887022
739,1,FALSE,49,"HighSchoolOrCollege","I",0.68222841,8968.428497502
740,1,FALSE,41,"HighSchoolOrCollege","A",0.409040073,6651.8833403672
741,1,FALSE,49,"HighSchoolOrCollege","C",0.187180439,23785.755094942
742,1,FALSE,57,"HighSchoolOrCollege","I",0.091096884,21333.164989555
743,1,FALSE,51,"Bachelors","C",0.077442954,43457.440828965
744,1,FALSE,57,"HighSchoolOrCollege","G",0.447644949,8090.1316801945
745,1,FALSE,50,"HighSchoolOrCollege","J",0.10382656,20728.528030431
746,1,FALSE,19,"HighSchoolOrCollege","G",0.588102942,8482.868844461
747,1,FALSE,36,"HighSchoolOrCollege","A",0.066469676,18373.559457225
748,1,FALSE,26,"Graduate","E",0.874661744,35150.731439935
749,1,FALSE,58,"HighSchoolOrCollege","G",0.017790641,26370.638055194
750,1,FALSE,30,"Bachelors","G",0.262320121,47771.393527977
751,1,FALSE,32,"Graduate","E",0.77217008,28198.502057569
752,1,FALSE,47,"Graduate","E",0.736149674,41194.344176725
753,1,FALSE,21,"Bachelors","J",0.339503386,30995.996903743
754,1,FALSE,34,"Bachelors","A",0.17565975,47443.441970004
755,1,FALSE,58,"HighSchoolOrCollege","C",0.414137953,6416.877312147
756,3,TRUE,28,"Low","C",0.933334008,2230.674180822
757,3,TRUE,58,"HighSchoolOrCollege","I",0.797833033,2574.276395922
758,3,TRUE,56,"HighSchoolOrCollege","C",0.000204,15858.8259693092
759,3,TRUE,54,"Graduate","I",0.880468848,9467.928321207
760,3,TRUE,31,"HighSchoolOrCollege","H",0.751787305,2452.929048853
761,3,TRUE,29,"Low","H",0.7844507,2186.120958361
762,3,TRUE,22,"HighSchoolOrCollege","C",0.815990235,2345.1450484156
763,3,TRUE,27,"Graduate","F",0.338259596,45711.448722354
764,3,TRUE,52,"HighSchoolOrCollege","C",0.12564865,14309.000765635
765,3,TRUE,29,"Graduate","E",0.740682908,32944.378191788
766,3,TRUE,38,"HighSchoolOrCollege","F",0.573952621,10901.468680786
767,3,TRUE,18,"HighSchoolOrCollege","J",0.268937352,13722.094882233
768,3,TRUE,28,"HighSchoolOrCollege","G",0.808558886,2395.374826966
769,3,TRUE,28,"Graduate","D",0.289569911,50518.910016565
770,3,TRUE,32,"Bachelors","G",0.623466515,28745.525611617
771,3,TRUE,51,"Low","J",0.24609694,2278.713016713
772,3,TRUE,38,"Graduate","A",0.806871224,17121.997093388
773,3,TRUE,23,"Low","E",0.546776461,2251.180244463
774,3,TRUE,32,"HighSchoolOrCollege","J",0.854523316,2731.0116103619
775,3,TRUE,41,"HighSchoolOrCollege","J",0.453217413,11027.558035813
776,3,TRUE,34,"Bachelors","D",0.321067111,31761.758806868
777,3,TRUE,48,"HighSchoolOrCollege","D",0.112504967,11482.581829532
778,3,TRUE,18,"HighSchoolOrCollege","J",0.449689991,9203.487880527
779,3,TRUE,31,"HighSchoolOrCollege","G",0.193751151,14083.17540809
780,3,TRUE,35,"Low","H",0.442987521,2225.244098258
781,3,TRUE,42,"HighSchoolOrCollege","J",0.1411042,10959.763690506
782,3,TRUE,30,"Bachelors","J",0.834580963,22658.44576363
783,3,TRUE,47,"HighSchoolOrCollege","B",0.377309384,11503.7774036902
784,3,TRUE,54,"HighSchoolOrCollege","D",0.517238511,10624.959177943
785,3,TRUE,55,"HighSchoolOrCollege","I",0.747594455,2597.68729005
786,3,TRUE,23,"HighSchoolOrCollege","B",0.001365799,17975.4771039182
787,3,TRUE,37,"HighSchoolOrCollege","H",0.14514474,11749.5324116808
788,3,TRUE,31,"HighSchoolOrCollege","A",0.415138085,11237.377819198
789,3,TRUE,35,"HighSchoolOrCollege","I",0.839157196,2388.095276935
790,3,TRUE,55,"Low","D",0.706306798,2163.274795911
791,3,TRUE,36,"HighSchoolOrCollege","G",0.865257446,2289.153685137
792,3,TRUE,47,"Low","D",0.972081828,2071.3231630267
793,3,TRUE,40,"HighSchoolOrCollege","I",0.695900691,2638.188109643
794,3,TRUE,41,"Low","B",0.818566502,2228.60924417
795,3,TRUE,50,"HighSchoolOrCollege","A",0.517422334,9232.286124571
796,3,TRUE,58,"HighSchoolOrCollege","F",0.430036143,10915.868257181
797,3,TRUE,30,"HighSchoolOrCollege","J",0.665923892,7327.707719612
798,3,TRUE,36,"Bachelors","I",0.96008167,20105.657303742
799,3,TRUE,49,"HighSchoolOrCollege","E",0.992601749,2583.437513167
800,3,TRUE,50,"Graduate","I",0.027591944,50273.428423125
801,3,TRUE,43,"Graduate","I",0.490190335,45730.285040228
802,3,TRUE,18,"Low","J",0.493231932,2180.669725894
803,3,TRUE,43,"HighSchoolOrCollege","B",0.217382928,12376.472466989
804,3,TRUE,18,"HighSchoolOrCollege","A",0.468583888,9602.769640036
805,3,TRUE,19,"HighSchoolOrCollege","I",0.328587955,10450.449866686
806,3,TRUE,23,"Low","B",0.437718862,2098.498141727
807,3,TRUE,27,"HighSchoolOrCollege","F",0.033479552,14925.558906009
808,3,TRUE,56,"HighSchoolOrCollege","E",0.8452362,2701.831669897
809,3,TRUE,43,"HighSchoolOrCollege","B",0.457280127,11068.972488554
810,3,TRUE,46,"HighSchoolOrCollege","C",0.144875993,15581.11465334
811,3,TRUE,27,"Graduate","D",0.030335914,45876.646630828
812,3,TRUE,44,"HighSchoolOrCollege","F",0.619525261,9243.1078506886
813,3,TRUE,29,"HighSchoolOrCollege","F",0.539387528,6926.047299209
814,3,TRUE,54,"Bachelors","F",0.44174758,31345.814499915
815,3,TRUE,38,"HighSchoolOrCollege","F",0.521630433,7849.010425838
816,3,TRUE,20,"Low","G",0.206406844,2247.502367096
817,3,TRUE,35,"Low","J",0.501048865,2071.309055292
818,3,TRUE,22,"HighSchoolOrCollege","F",0.758474429,2437.22339324
819,3,TRUE,18,"Graduate","C",0.283066289,44311.071699869
820,3,TRUE,44,"Bachelors","E",0.065357535,39145.779762934
821,3,TRUE,35,"HighSchoolOrCollege","H",0.053564289,15246.819131112
822,3,TRUE,57,"HighSchoolOrCollege","B",0.202769644,10625.777538217
823,3,TRUE,22,"Graduate","A",0.269842118,46596.870630664
824,3,TRUE,40,"Low","E",0.904248183,2124.7564138656
825,3,TRUE,26,"HighSchoolOrCollege","H",0.780884351,2304.474213913
826,3,TRUE,28,"Graduate","J",0.610736625,42200.446609137
827,3,TRUE,38,"HighSchoolOrCollege","G",0.97254096,2541.0705265079
828,3,TRUE,27,"HighSchoolOrCollege","A",0.813680504,2564.5134322838
829,3,TRUE,26,"HighSchoolOrCollege","B",0.280151127,15291.234044622
830,3,TRUE,57,"Bachelors","G",0.152431791,35672.813492462
831,3,TRUE,55,"Low","H",0.60769828,2301.475499489
832,2,FALSE,47,"Low","G",0.249719036,2457.782797343
833,2,FALSE,22,"HighSchoolOrCollege","D",0.139770688,14877.2464507405
834,2,FALSE,24,"HighSchoolOrCollege","F",0.408977137,2760.167027704
835,2,FALSE,49,"Bachelors","D",0.957400017,24559.976434408
836,2,FALSE,53,"HighSchoolOrCollege","A",0.201801545,10718.3319987689
837,2,FALSE,49,"HighSchoolOrCollege","F",0.048428984,11971.768460027
838,2,FALSE,52,"Bachelors","E",0.221489156,33523.077990275
839,2,FALSE,29,"Low","G",0.980908737,2188.110426294
840,2,FALSE,47,"Bachelors","E",0.469113963,29859.570498468
841,2,FALSE,57,"Graduate","G",0.655361489,38342.163495048
842,2,FALSE,39,"HighSchoolOrCollege","H",0.636640992,2358.242314
843,2,FALSE,59,"Bachelors","H",0.683850663,19866.8255913358
844,2,FALSE,46,"Bachelors","H",0.659909909,30853.737804308
845,2,FALSE,40,"HighSchoolOrCollege","G",0.234712133,15317.159791969
846,2,FALSE,44,"Low","J",0.247843267,2358.9535048418
847,2,FALSE,28,"HighSchoolOrCollege","H",0.948917655,2478.550379178
848,2,FALSE,34,"Graduate","B",0.633519504,40137.886172361
849,2,FALSE,30,"Bachelors","I",0.828259584,20957.476443971
850,2,FALSE,57,"Bachelors","C",0.631431974,28517.705360419
851,2,FALSE,19,"Graduate","D",0.677712189,24140.77521017
852,2,FALSE,50,"HighSchoolOrCollege","F",0.30005276,11679.6149822027
853,2,FALSE,33,"HighSchoolOrCollege","H",0.42856627,2653.45325956
854,2,FALSE,28,"Bachelors","B",0.042899175,32649.145109758
855,2,FALSE,56,"HighSchoolOrCollege","A",0.547588054,2644.146172344
856,2,FALSE,38,"HighSchoolOrCollege","J",0.370060753,2602.961834162
857,2,FALSE,57,"Bachelors","H",0.853049624,15992.071082301
858,2,FALSE,31,"HighSchoolOrCollege","J",0.87924161,2277.7357535728
859,2,FALSE,60,"HighSchoolOrCollege","B",0.7135266,2779.3434212589
860,2,FALSE,29,"HighSchoolOrCollege","D",0.839802108,2293.185943249
861,2,FALSE,59,"Bachelors","H",0.332054621,31712.726187158
862,2,FALSE,53,"HighSchoolOrCollege","H",0.997604884,2354.348320196
863,2,FALSE,59,"Bachelors","F",0.807449064,20765.075190689
864,2,FALSE,49,"HighSchoolOrCollege","I",0.416211045,2334.640915931
865,2,FALSE,39,"HighSchoolOrCollege","F",0.115098336,11516.538594038
866,2,FALSE,42,"Bachelors","I",0.997670843,16075.452678123
867,2,FALSE,35,"HighSchoolOrCollege","H",0.709526793,2496.286753852
868,2,FALSE,51,"HighSchoolOrCollege","I",0.38081745,29206.131992081
869,2,FALSE,53,"Graduate","I",0.495487226,42388.852038216
870,2,FALSE,32,"Bachelors","F",0.820903516,17398.293547824
871,2,FALSE,48,"Graduate","I",0.067887485,45342.484793772
872,2,FALSE,37,"HighSchoolOrCollege","C",0.928387676,2345.128281084
873,2,FALSE,58,"Bachelors","J",0.282834314,32439.720763276
874,2,FALSE,55,"Graduate","F",0.891019925,19395.869914221
875,2,FALSE,35,"HighSchoolOrCollege","B",0.535316197,2607.579107124
876,2,FALSE,60,"HighSchoolOrCollege","F",0.289402134,2445.167388141
877,2,FALSE,24,"Bachelors","J",0.573668238,29160.97917222
878,2,FALSE,40,"Bachelors","J",0.337456142,28340.980182651
879,2,FALSE,53,"Bachelors","A",0.353813394,28757.0851462125
880,2,FALSE,49,"Bachelors","J",0.021946709,30728.6714902201
881,2,FALSE,53,"Bachelors","C",0.889292896,21002.668442272
882,2,FALSE,44,"Graduate","G",0.20389365,42467.943461436
883,2,FALSE,43,"HighSchoolOrCollege","A",0.020957045,2688.123333525
884,2,FALSE,51,"Low","A",0.384062608,2513.990056456
885,2,FALSE,60,"HighSchoolOrCollege","E",0.280787048,2575.9711095433
886,2,FALSE,28,"HighSchoolOrCollege","I",0.550077037,2529.036534037
887,2,FALSE,22,"HighSchoolOrCollege","C",0.983190272,2482.98196725
888,2,FALSE,31,"Graduate","B",0.643407835,39131.401181536
889,2,FALSE,19,"Bachelors","A",0.126644557,35193.429974981
890,2,FALSE,21,"Graduate","G",0.875200368,26202.975754443
891,2,FALSE,28,"Graduate","G",0.554827306,37518.649957967
892,2,FALSE,46,"HighSchoolOrCollege","H",0.03022743,2887.4926562519
893,2,FALSE,46,"Graduate","F",0.540411016,30099.588560488
894,2,FALSE,44,"Bachelors","D",0.550025961,23820.40553606
895,2,FALSE,40,"Bachelors","A",0.628664697,23499.556360527
896,2,FALSE,28,"HighSchoolOrCollege","B",0.692154335,2697.033628288
897,2,FALSE,50,"HighSchoolOrCollege","B",0.385248792,2480.3894354653
898,2,FALSE,60,"Graduate","J",0.486920328,29258.449662633
899,2,FALSE,59,"Graduate","B",0.544405537,28310.707996069
900,2,FALSE,60,"HighSchoolOrCollege","D",0.89356989,2552.667121365
901,2,FALSE,37,"HighSchoolOrCollege","F",0.480241663,2388.7750067049
902,2,FALSE,27,"HighSchoolOrCollege","E",0.063125207,2482.44394523
903,2,FALSE,23,"Bachelors","G",0.210131243,31110.2662729187
904,2,FALSE,59,"Bachelors","B",0.161994033,30810.716678528
905,2,FALSE,50,"Bachelors","J",0.533005979,22969.610102092
906,2,FALSE,22,"Bachelors","E",0.930669564,8763.8079579
907,2,FALSE,31,"HighSchoolOrCollege","F",0.632828416,2411.437520854
908,2,FALSE,29,"Bachelors","I",0.598767089,23638.546363015
909,2,FALSE,44,"HighSchoolOrCollege","I",0.014316555,2723.561120357
910,2,FALSE,41,"Bachelors","D",0.652990074,20855.71584947
911,2,FALSE,50,"HighSchoolOrCollege","C",0.303588097,2625.173515339
912,2,FALSE,28,"Graduate","H",0.933377794,18954.730555674
913,2,FALSE,55,"Bachelors","J",0.000265,32173.4043015101
914,2,FALSE,44,"Graduate","D",0.405713393,40291.56047654
915,2,FALSE,40,"Bachelors","B",0.992351674,11327.183811253
916,2,FALSE,38,"Bachelors","D",0.784906863,20836.987844831
917,2,FALSE,32,"Bachelors","G",0.431612119,20758.206939293
918,2,FALSE,33,"Graduate","A",0.230593991,32487.239770363
919,2,FALSE,56,"HighSchoolOrCollege","C",0.283020728,2493.301884472
920,2,FALSE,52,"HighSchoolOrCollege","J",0.96153717,2609.1155012413
921,2,FALSE,52,"Bachelors","G",0.931029947,18160.474688109
922,2,FALSE,55,"Bachelors","A",0.046984156,31436.399372762
923,2,FALSE,55,"HighSchoolOrCollege","E",0.8563378,2348.0977024136
924,2,FALSE,31,"HighSchoolOrCollege","H",0.275547256,2796.0348263643
925,2,FALSE,42,"HighSchoolOrCollege","J",0.132602239,2607.042110113
926,1,FALSE,57,"HighSchoolOrCollege","A",0.185717667,21912.837835458
927,1,FALSE,58,"Bachelors","D",0.093249599,41072.422943291
928,1,FALSE,20,"Bachelors","G",0.445184451,27702.412784924
929,1,FALSE,43,"HighSchoolOrCollege","E",0.777990984,4941.206501404
930,1,FALSE,41,"HighSchoolOrCollege","F",0.203002706,21438.925733598
931,1,FALSE,30,"HighSchoolOrCollege","I",0.88226691,6037.843533559
932,1,FALSE,23,"HighSchoolOrCollege","J",0.522667054,11186.297278808
933,1,FALSE,53,"HighSchoolOrCollege","D",0.097293702,15524.711329824
934,1,FALSE,42,"Graduate","B",0.536881382,37455.7565929803
935,1,FALSE,42,"HighSchoolOrCollege","D",0.441937538,9253.414825192
936,1,FALSE,33,"Bachelors","F",0.235105787,34124.505788106
937,1,FALSE,44,"Bachelors","C",0.240105908,33912.713604057
938,1,FALSE,60,"HighSchoolOrCollege","F",0.679262409,5501.675727097
939,1,FALSE,35,"Low","J",0.880292697,3147.273945938
940,1,FALSE,34,"Bachelors","D",0.807027625,21663.635381563
941,1,FALSE,50,"Bachelors","J",0.840828509,21724.165870973
942,1,FALSE,48,"Bachelors","I",0.715480626,7684.935527388
943,1,FALSE,50,"Bachelors","H",0.449546034,26841.6422899691
944,1,FALSE,48,"Graduate","B",0.660069967,20343.3143241069
945,1,FALSE,21,"Bachelors","A",0.819895146,17149.289179435
946,1,FALSE,60,"HighSchoolOrCollege","J",0.010975349,18190.980769444
947,1,FALSE,41,"HighSchoolOrCollege","J",0.116646459,14510.586175866
948,1,FALSE,26,"Graduate","E",0.880591759,16243.095772252
949,1,FALSE,19,"HighSchoolOrCollege","A",0.380395715,11604.564836114
950,1,FALSE,27,"Bachelors","H",0.131920315,36762.23850626
951,1,FALSE,25,"Bachelors","E",0.932155545,7631.231660478
952,1,FALSE,27,"HighSchoolOrCollege","B",0.148548085,15244.248015125
953,1,FALSE,45,"Graduate","G",0.846871205,11133.939017879
954,1,FALSE,41,"Bachelors","F",0.556397418,24189.469186118
955,1,FALSE,42,"Graduate","A",0.305318637,40203.7911635367
956,1,FALSE,32,"Graduate","F",0.217082066,38608.388602817
957,1,FALSE,31,"HighSchoolOrCollege","H",0.549042649,10999.12906256
958,1,FALSE,33,"Bachelors","H",0.301470597,36006.615920216
959,1,FALSE,58,"HighSchoolOrCollege","F",0.349445327,10252.973070717
960,1,FALSE,35,"Low","I",0.570251922,5959.652360448
961,1,FALSE,21,"Graduate","F",0.91308015,41210.339696264
962,1,FALSE,45,"Bachelors","H",0.890386981,6932.2433729407
963,1,FALSE,30,"HighSchoolOrCollege","G",0.132914203,21438.853766175
964,1,FALSE,50,"HighSchoolOrCollege","I",0.455351665,10122.268310843
965,1,FALSE,29,"HighSchoolOrCollege","E",0.258533986,21265.2209807321
966,1,FALSE,46,"Low","F",0.119913514,16101.4591413623
967,1,FALSE,33,"HighSchoolOrCollege","A",0.950638773,3678.996057567
968,1,FALSE,54,"HighSchoolOrCollege","J",0.982251017,4868.897581818
969,1,FALSE,45,"Bachelors","A",0.172802708,34107.563868313
970,1,FALSE,53,"HighSchoolOrCollege","E",0.129766383,14170.89903721
971,1,FALSE,54,"HighSchoolOrCollege","G",0.159548434,13947.038671164
972,1,FALSE,29,"HighSchoolOrCollege","H",0.360847428,10152.718082781
973,1,FALSE,20,"Bachelors","D",0.274541862,32309.1113973584
974,1,FALSE,24,"Bachelors","C",0.345104613,22822.003913185
975,1,FALSE,47,"HighSchoolOrCollege","B",0.086367063,14099.105576807
976,1,FALSE,26,"Bachelors","J",0.077140899,34641.5880455582
977,1,FALSE,52,"Bachelors","E",0.502257508,23837.697637569
978,1,FALSE,44,"HighSchoolOrCollege","D",0.398379338,10934.95763171
979,1,FALSE,30,"HighSchoolOrCollege","C",0.357706459,12322.716143561
980,1,FALSE,54,"HighSchoolOrCollege","H",0.548974082,9585.904304352
981,1,FALSE,35,"HighSchoolOrCollege","F",0.458594873,9999.218027783
982,1,FALSE,53,"Bachelors","J",0.098639485,31292.617169146
983,1,FALSE,44,"Graduate","G",0.21831518,38884.057737753
984,1,FALSE,35,"Low","I",0.969600048,4365.286297234
985,1,FALSE,46,"HighSchoolOrCollege","E",0.198499294,14759.626245042
986,1,FALSE,57,"Bachelors","I",0.301652515,29239.7711774356
987,1,FALSE,20,"Bachelors","B",0.182773504,33461.562050427
988,1,FALSE,32,"HighSchoolOrCollege","H",0.315707809,15389.533570746
989,1,FALSE,57,"HighSchoolOrCollege","F",0.659934449,6701.1756743042
990,1,FALSE,37,"HighSchoolOrCollege","E",0.833977506,3683.678760512
991,1,FALSE,21,"Low","C",0.970492609,4397.055109579
992,1,FALSE,48,"Bachelors","F",0.280018247,30067.7069573815
993,1,FALSE,31,"Graduate","I",0.905125735,6957.469129714
994,1,FALSE,42,"HighSchoolOrCollege","J",0.932521377,4533.422143419
995,1,FALSE,60,"HighSchoolOrCollege","C",0.444802157,7917.643743669
996,1,FALSE,55,"HighSchoolOrCollege","J",0.572648773,7450.061475707
997,1,FALSE,48,"Graduate","I",0.128853966,36248.9930921541
998,1,FALSE,53,"Bachelors","H",0.335018383,21716.098867408
999,1,FALSE,48,"Bachelors","F",0.254432893,29088.283938791
1000,1,FALSE,56,"Graduate","B",0.983012498,10122.29268239
1001,1,FALSE,49,"Graduate","C",0.043433461,36904.816025619
1002,1,FALSE,51,"HighSchoolOrCollege","G",0.323610205,15080.564568002
1003,1,FALSE,48,"HighSchoolOrCollege","F",0.336785107,8019.585289164
1004,1,FALSE,41,"HighSchoolOrCollege","B",0.070626542,15772.738092176
1005,1,FALSE,47,"Bachelors","F",0.356881322,18722.001216416
1006,1,FALSE,19,"HighSchoolOrCollege","J",0.639268458,7605.411835674
1007,1,FALSE,40,"HighSchoolOrCollege","B",0.934347783,3120.98409757
1008,1,FALSE,23,"Graduate","C",0.163721028,34449.5135250513
1009,1,FALSE,39,"Low","B",0.828330134,4961.13837913
1010,1,FALSE,52,"HighSchoolOrCollege","D",0.17538799,11948.762292508
